class	path
org.owasp.esapi.logging.java.ESAPICustomJavaLevel	/home/nima/Desktop/taint-docker/table4/annotator/esapi-java-legacy/src/main/java/org/owasp/esapi/logging/java/ESAPICustomJavaLevel.java
org.owasp.esapi.PropNames	/home/nima/Desktop/taint-docker/table4/annotator/esapi-java-legacy/src/main/java/org/owasp/esapi/PropNames.java
org.owasp.esapi.PropNames$DefaultSearchPath	/home/nima/Desktop/taint-docker/table4/annotator/esapi-java-legacy/src/main/java/org/owasp/esapi/PropNames.java
org.owasp.esapi.crypto.KeyDerivationFunction	/home/nima/Desktop/taint-docker/table4/annotator/esapi-java-legacy/src/main/java/org/owasp/esapi/crypto/KeyDerivationFunction.java
org.owasp.esapi.crypto.KeyDerivationFunction$PRF_ALGORITHMS	/home/nima/Desktop/taint-docker/table4/annotator/esapi-java-legacy/src/main/java/org/owasp/esapi/crypto/KeyDerivationFunction.java
org.owasp.esapi.Logger	/home/nima/Desktop/taint-docker/table4/annotator/esapi-java-legacy/src/main/java/org/owasp/esapi/Logger.java
org.owasp.esapi.Logger$EventType	/home/nima/Desktop/taint-docker/table4/annotator/esapi-java-legacy/src/main/java/org/owasp/esapi/Logger.java
org.owasp.esapi.errors.EncryptionException	/home/nima/Desktop/taint-docker/table4/annotator/esapi-java-legacy/src/main/java/org/owasp/esapi/errors/EncryptionException.java
org.owasp.esapi.errors.EnterpriseSecurityException	/home/nima/Desktop/taint-docker/table4/annotator/esapi-java-legacy/src/main/java/org/owasp/esapi/errors/EnterpriseSecurityException.java
org.owasp.esapi.waf.actions.BlockAction	/home/nima/Desktop/taint-docker/table4/annotator/esapi-java-legacy/src/main/java/org/owasp/esapi/waf/actions/BlockAction.java
org.owasp.esapi.waf.actions.Action	/home/nima/Desktop/taint-docker/table4/annotator/esapi-java-legacy/src/main/java/org/owasp/esapi/waf/actions/Action.java
org.owasp.esapi.waf.rules.MustMatchRule	/home/nima/Desktop/taint-docker/table4/annotator/esapi-java-legacy/src/main/java/org/owasp/esapi/waf/rules/MustMatchRule.java
org.owasp.esapi.waf.rules.Rule	/home/nima/Desktop/taint-docker/table4/annotator/esapi-java-legacy/src/main/java/org/owasp/esapi/waf/rules/Rule.java
org.owasp.esapi.waf.internal.InterceptingHTTPServletResponse	/home/nima/Desktop/taint-docker/table4/annotator/esapi-java-legacy/src/main/java/org/owasp/esapi/waf/internal/InterceptingHTTPServletResponse.java
org.owasp.esapi.waf.internal.InterceptingPrintWriter	/home/nima/Desktop/taint-docker/table4/annotator/esapi-java-legacy/src/main/java/org/owasp/esapi/waf/internal/InterceptingPrintWriter.java
org.owasp.esapi.waf.internal.InterceptingServletOutputStream	/home/nima/Desktop/taint-docker/table4/annotator/esapi-java-legacy/src/main/java/org/owasp/esapi/waf/internal/InterceptingServletOutputStream.java
org.owasp.esapi.waf.rules.AddSecureFlagRule	/home/nima/Desktop/taint-docker/table4/annotator/esapi-java-legacy/src/main/java/org/owasp/esapi/waf/rules/AddSecureFlagRule.java
org.owasp.esapi.waf.rules.AddHTTPOnlyFlagRule	/home/nima/Desktop/taint-docker/table4/annotator/esapi-java-legacy/src/main/java/org/owasp/esapi/waf/rules/AddHTTPOnlyFlagRule.java
org.owasp.esapi.configuration.consts.EsapiConfiguration	/home/nima/Desktop/taint-docker/table4/annotator/esapi-java-legacy/src/main/java/org/owasp/esapi/configuration/consts/EsapiConfiguration.java
org.owasp.esapi.reference.IntegerAccessReferenceMap	/home/nima/Desktop/taint-docker/table4/annotator/esapi-java-legacy/src/main/java/org/owasp/esapi/reference/IntegerAccessReferenceMap.java
org.owasp.esapi.reference.AbstractAccessReferenceMap	/home/nima/Desktop/taint-docker/table4/annotator/esapi-java-legacy/src/main/java/org/owasp/esapi/reference/AbstractAccessReferenceMap.java
org.owasp.esapi.AccessReferenceMap	/home/nima/Desktop/taint-docker/table4/annotator/esapi-java-legacy/src/main/java/org/owasp/esapi/AccessReferenceMap.java
org.owasp.esapi.errors.AccessControlException	/home/nima/Desktop/taint-docker/table4/annotator/esapi-java-legacy/src/main/java/org/owasp/esapi/errors/AccessControlException.java
org.owasp.esapi.waf.rules.RestrictContentTypeRule	/home/nima/Desktop/taint-docker/table4/annotator/esapi-java-legacy/src/main/java/org/owasp/esapi/waf/rules/RestrictContentTypeRule.java
org.owasp.esapi.waf.rules.AddHeaderRule	/home/nima/Desktop/taint-docker/table4/annotator/esapi-java-legacy/src/main/java/org/owasp/esapi/waf/rules/AddHeaderRule.java
org.owasp.esapi.reference.validation.CreditCardValidationRule	/home/nima/Desktop/taint-docker/table4/annotator/esapi-java-legacy/src/main/java/org/owasp/esapi/reference/validation/CreditCardValidationRule.java
org.owasp.esapi.reference.validation.BaseValidationRule	/home/nima/Desktop/taint-docker/table4/annotator/esapi-java-legacy/src/main/java/org/owasp/esapi/reference/validation/BaseValidationRule.java
org.owasp.esapi.ValidationRule	/home/nima/Desktop/taint-docker/table4/annotator/esapi-java-legacy/src/main/java/org/owasp/esapi/ValidationRule.java
org.owasp.esapi.reference.validation.StringValidationRule	/home/nima/Desktop/taint-docker/table4/annotator/esapi-java-legacy/src/main/java/org/owasp/esapi/reference/validation/StringValidationRule.java
org.owasp.esapi.Encoder	/home/nima/Desktop/taint-docker/table4/annotator/esapi-java-legacy/src/main/java/org/owasp/esapi/Encoder.java
org.owasp.esapi.errors.ValidationException	/home/nima/Desktop/taint-docker/table4/annotator/esapi-java-legacy/src/main/java/org/owasp/esapi/errors/ValidationException.java
org.owasp.esapi.codecs.Codec	/home/nima/Desktop/taint-docker/table4/annotator/esapi-java-legacy/src/main/java/org/owasp/esapi/codecs/Codec.java
org.owasp.esapi.errors.EncodingException	/home/nima/Desktop/taint-docker/table4/annotator/esapi-java-legacy/src/main/java/org/owasp/esapi/errors/EncodingException.java
org.owasp.esapi.codecs.PushbackSequence	/home/nima/Desktop/taint-docker/table4/annotator/esapi-java-legacy/src/main/java/org/owasp/esapi/codecs/PushbackSequence.java
org.owasp.esapi.ValidationErrorList	/home/nima/Desktop/taint-docker/table4/annotator/esapi-java-legacy/src/main/java/org/owasp/esapi/ValidationErrorList.java
org.owasp.esapi.codecs.ref.EncodingPatternPreservation	/home/nima/Desktop/taint-docker/table4/annotator/esapi-java-legacy/src/main/java/org/owasp/esapi/codecs/ref/EncodingPatternPreservation.java
org.owasp.esapi.filters.ESAPIFilter	/home/nima/Desktop/taint-docker/table4/annotator/esapi-java-legacy/src/main/java/org/owasp/esapi/filters/ESAPIFilter.java
org.owasp.esapi.logging.java.JavaLogBridgeImpl	/home/nima/Desktop/taint-docker/table4/annotator/esapi-java-legacy/src/main/java/org/owasp/esapi/logging/java/JavaLogBridgeImpl.java
org.owasp.esapi.logging.java.JavaLogBridge	/home/nima/Desktop/taint-docker/table4/annotator/esapi-java-legacy/src/main/java/org/owasp/esapi/logging/java/JavaLogBridge.java
org.owasp.esapi.logging.java.JavaLogLevelHandler	/home/nima/Desktop/taint-docker/table4/annotator/esapi-java-legacy/src/main/java/org/owasp/esapi/logging/java/JavaLogLevelHandler.java
org.owasp.esapi.logging.cleaning.LogScrubber	/home/nima/Desktop/taint-docker/table4/annotator/esapi-java-legacy/src/main/java/org/owasp/esapi/logging/cleaning/LogScrubber.java
org.owasp.esapi.logging.appender.LogAppender	/home/nima/Desktop/taint-docker/table4/annotator/esapi-java-legacy/src/main/java/org/owasp/esapi/logging/appender/LogAppender.java
org.owasp.esapi.reference.accesscontrol.policyloader.ACRPolicyFileLoader	/home/nima/Desktop/taint-docker/table4/annotator/esapi-java-legacy/src/main/java/org/owasp/esapi/reference/accesscontrol/policyloader/ACRPolicyFileLoader.java
org.owasp.esapi.reference.accesscontrol.policyloader.PolicyDTO	/home/nima/Desktop/taint-docker/table4/annotator/esapi-java-legacy/src/main/java/org/owasp/esapi/reference/accesscontrol/policyloader/PolicyDTO.java
org.owasp.esapi.Authenticator	/home/nima/Desktop/taint-docker/table4/annotator/esapi-java-legacy/src/main/java/org/owasp/esapi/Authenticator.java
org.owasp.esapi.User	/home/nima/Desktop/taint-docker/table4/annotator/esapi-java-legacy/src/main/java/org/owasp/esapi/User.java
org.owasp.esapi.User$1	/home/nima/Desktop/taint-docker/table4/annotator/esapi-java-legacy/src/main/java/org/owasp/esapi/User.java
org.owasp.esapi.errors.AuthenticationException	/home/nima/Desktop/taint-docker/table4/annotator/esapi-java-legacy/src/main/java/org/owasp/esapi/errors/AuthenticationException.java
org.owasp.esapi.errors.AuthenticationHostException	/home/nima/Desktop/taint-docker/table4/annotator/esapi-java-legacy/src/main/java/org/owasp/esapi/errors/AuthenticationHostException.java
org.owasp.esapi.waf.rules.ReplaceContentRule	/home/nima/Desktop/taint-docker/table4/annotator/esapi-java-legacy/src/main/java/org/owasp/esapi/waf/rules/ReplaceContentRule.java
org.owasp.esapi.SafeFile	/home/nima/Desktop/taint-docker/table4/annotator/esapi-java-legacy/src/main/java/org/owasp/esapi/SafeFile.java
org.owasp.esapi.reference.RandomAccessReferenceMap	/home/nima/Desktop/taint-docker/table4/annotator/esapi-java-legacy/src/main/java/org/owasp/esapi/reference/RandomAccessReferenceMap.java
org.owasp.esapi.reference.accesscontrol.FileBasedACRs	/home/nima/Desktop/taint-docker/table4/annotator/esapi-java-legacy/src/main/java/org/owasp/esapi/reference/accesscontrol/FileBasedACRs.java
org.owasp.esapi.reference.accesscontrol.FileBasedACRs$Rule	/home/nima/Desktop/taint-docker/table4/annotator/esapi-java-legacy/src/main/java/org/owasp/esapi/reference/accesscontrol/FileBasedACRs.java
org.owasp.esapi.filters.SecurityWrapper	/home/nima/Desktop/taint-docker/table4/annotator/esapi-java-legacy/src/main/java/org/owasp/esapi/filters/SecurityWrapper.java
org.owasp.esapi.configuration.StandardEsapiPropertyLoader	/home/nima/Desktop/taint-docker/table4/annotator/esapi-java-legacy/src/main/java/org/owasp/esapi/configuration/StandardEsapiPropertyLoader.java
org.owasp.esapi.configuration.AbstractPrioritizedPropertyLoader	/home/nima/Desktop/taint-docker/table4/annotator/esapi-java-legacy/src/main/java/org/owasp/esapi/configuration/AbstractPrioritizedPropertyLoader.java
org.owasp.esapi.configuration.EsapiPropertyLoader	/home/nima/Desktop/taint-docker/table4/annotator/esapi-java-legacy/src/main/java/org/owasp/esapi/configuration/EsapiPropertyLoader.java
org.owasp.esapi.errors.ConfigurationException	/home/nima/Desktop/taint-docker/table4/annotator/esapi-java-legacy/src/main/java/org/owasp/esapi/errors/ConfigurationException.java
org.owasp.esapi.codecs.PushBackSequenceImpl	/home/nima/Desktop/taint-docker/table4/annotator/esapi-java-legacy/src/main/java/org/owasp/esapi/codecs/PushBackSequenceImpl.java
org.owasp.esapi.codecs.AbstractPushbackSequence	/home/nima/Desktop/taint-docker/table4/annotator/esapi-java-legacy/src/main/java/org/owasp/esapi/codecs/AbstractPushbackSequence.java
org.owasp.esapi.SecurityConfiguration	/home/nima/Desktop/taint-docker/table4/annotator/esapi-java-legacy/src/main/java/org/owasp/esapi/SecurityConfiguration.java
org.owasp.esapi.SecurityConfiguration$Threshold	/home/nima/Desktop/taint-docker/table4/annotator/esapi-java-legacy/src/main/java/org/owasp/esapi/SecurityConfiguration.java
org.owasp.esapi.reference.DefaultIntrusionDetector	/home/nima/Desktop/taint-docker/table4/annotator/esapi-java-legacy/src/main/java/org/owasp/esapi/reference/DefaultIntrusionDetector.java
org.owasp.esapi.reference.DefaultIntrusionDetector$Event	/home/nima/Desktop/taint-docker/table4/annotator/esapi-java-legacy/src/main/java/org/owasp/esapi/reference/DefaultIntrusionDetector.java
org.owasp.esapi.IntrusionDetector	/home/nima/Desktop/taint-docker/table4/annotator/esapi-java-legacy/src/main/java/org/owasp/esapi/IntrusionDetector.java
org.owasp.esapi.errors.IntrusionException	/home/nima/Desktop/taint-docker/table4/annotator/esapi-java-legacy/src/main/java/org/owasp/esapi/errors/IntrusionException.java
org.owasp.esapi.errors.EnterpriseSecurityRuntimeException	/home/nima/Desktop/taint-docker/table4/annotator/esapi-java-legacy/src/main/java/org/owasp/esapi/errors/EnterpriseSecurityRuntimeException.java
org.owasp.esapi.waf.rules.GeneralAttackSignatureRule	/home/nima/Desktop/taint-docker/table4/annotator/esapi-java-legacy/src/main/java/org/owasp/esapi/waf/rules/GeneralAttackSignatureRule.java
org.owasp.esapi.waf.ESAPIWebApplicationFirewallFilter	/home/nima/Desktop/taint-docker/table4/annotator/esapi-java-legacy/src/main/java/org/owasp/esapi/waf/ESAPIWebApplicationFirewallFilter.java
org.owasp.esapi.waf.configuration.AppGuardianConfiguration	/home/nima/Desktop/taint-docker/table4/annotator/esapi-java-legacy/src/main/java/org/owasp/esapi/waf/configuration/AppGuardianConfiguration.java
org.owasp.esapi.crypto.CipherSpec	/home/nima/Desktop/taint-docker/table4/annotator/esapi-java-legacy/src/main/java/org/owasp/esapi/crypto/CipherSpec.java
org.owasp.esapi.crypto.CipherSpec$CipherTransformationComponent	/home/nima/Desktop/taint-docker/table4/annotator/esapi-java-legacy/src/main/java/org/owasp/esapi/crypto/CipherSpec.java
org.owasp.esapi.reference.AbstractAuthenticator	/home/nima/Desktop/taint-docker/table4/annotator/esapi-java-legacy/src/main/java/org/owasp/esapi/reference/AbstractAuthenticator.java
org.owasp.esapi.reference.AbstractAuthenticator$ThreadLocalUser	/home/nima/Desktop/taint-docker/table4/annotator/esapi-java-legacy/src/main/java/org/owasp/esapi/reference/AbstractAuthenticator.java
org.owasp.esapi.reference.DefaultUser	/home/nima/Desktop/taint-docker/table4/annotator/esapi-java-legacy/src/main/java/org/owasp/esapi/reference/DefaultUser.java
org.owasp.esapi.ESAPI	/home/nima/Desktop/taint-docker/table4/annotator/esapi-java-legacy/src/main/java/org/owasp/esapi/ESAPI.java
org.owasp.esapi.AccessController	/home/nima/Desktop/taint-docker/table4/annotator/esapi-java-legacy/src/main/java/org/owasp/esapi/AccessController.java
org.owasp.esapi.Encryptor	/home/nima/Desktop/taint-docker/table4/annotator/esapi-java-legacy/src/main/java/org/owasp/esapi/Encryptor.java
org.owasp.esapi.Executor	/home/nima/Desktop/taint-docker/table4/annotator/esapi-java-legacy/src/main/java/org/owasp/esapi/Executor.java
org.owasp.esapi.HTTPUtilities	/home/nima/Desktop/taint-docker/table4/annotator/esapi-java-legacy/src/main/java/org/owasp/esapi/HTTPUtilities.java
org.owasp.esapi.LogFactory	/home/nima/Desktop/taint-docker/table4/annotator/esapi-java-legacy/src/main/java/org/owasp/esapi/LogFactory.java
org.owasp.esapi.Randomizer	/home/nima/Desktop/taint-docker/table4/annotator/esapi-java-legacy/src/main/java/org/owasp/esapi/Randomizer.java
org.owasp.esapi.Validator	/home/nima/Desktop/taint-docker/table4/annotator/esapi-java-legacy/src/main/java/org/owasp/esapi/Validator.java
org.owasp.esapi.ExecuteResult	/home/nima/Desktop/taint-docker/table4/annotator/esapi-java-legacy/src/main/java/org/owasp/esapi/ExecuteResult.java
org.owasp.esapi.errors.ExecutorException	/home/nima/Desktop/taint-docker/table4/annotator/esapi-java-legacy/src/main/java/org/owasp/esapi/errors/ExecutorException.java
org.owasp.esapi.crypto.PlainText	/home/nima/Desktop/taint-docker/table4/annotator/esapi-java-legacy/src/main/java/org/owasp/esapi/crypto/PlainText.java
org.owasp.esapi.crypto.CipherText	/home/nima/Desktop/taint-docker/table4/annotator/esapi-java-legacy/src/main/java/org/owasp/esapi/crypto/CipherText.java
org.owasp.esapi.crypto.CipherText$CipherTextFlags	/home/nima/Desktop/taint-docker/table4/annotator/esapi-java-legacy/src/main/java/org/owasp/esapi/crypto/CipherText.java
org.owasp.esapi.errors.IntegrityException	/home/nima/Desktop/taint-docker/table4/annotator/esapi-java-legacy/src/main/java/org/owasp/esapi/errors/IntegrityException.java
org.owasp.esapi.reference.accesscontrol.AlwaysTrueACR	/home/nima/Desktop/taint-docker/table4/annotator/esapi-java-legacy/src/main/java/org/owasp/esapi/reference/accesscontrol/AlwaysTrueACR.java
org.owasp.esapi.reference.accesscontrol.BaseACR	/home/nima/Desktop/taint-docker/table4/annotator/esapi-java-legacy/src/main/java/org/owasp/esapi/reference/accesscontrol/BaseACR.java
org.owasp.esapi.AccessControlRule	/home/nima/Desktop/taint-docker/table4/annotator/esapi-java-legacy/src/main/java/org/owasp/esapi/AccessControlRule.java
org.owasp.esapi.waf.configuration.ConfigurationParser	/home/nima/Desktop/taint-docker/table4/annotator/esapi-java-legacy/src/main/java/org/owasp/esapi/waf/configuration/ConfigurationParser.java
org.owasp.esapi.waf.ConfigurationException	/home/nima/Desktop/taint-docker/table4/annotator/esapi-java-legacy/src/main/java/org/owasp/esapi/waf/ConfigurationException.java
org.owasp.esapi.reference.accesscontrol.ExperimentalAccessController	/home/nima/Desktop/taint-docker/table4/annotator/esapi-java-legacy/src/main/java/org/owasp/esapi/reference/accesscontrol/ExperimentalAccessController.java
org.owasp.esapi.codecs.Hex	/home/nima/Desktop/taint-docker/table4/annotator/esapi-java-legacy/src/main/java/org/owasp/esapi/codecs/Hex.java
org.owasp.esapi.waf.actions.DoNothingAction	/home/nima/Desktop/taint-docker/table4/annotator/esapi-java-legacy/src/main/java/org/owasp/esapi/waf/actions/DoNothingAction.java
org.owasp.esapi.codecs.AbstractIntegerCodec	/home/nima/Desktop/taint-docker/table4/annotator/esapi-java-legacy/src/main/java/org/owasp/esapi/codecs/AbstractIntegerCodec.java
org.owasp.esapi.codecs.AbstractCodec	/home/nima/Desktop/taint-docker/table4/annotator/esapi-java-legacy/src/main/java/org/owasp/esapi/codecs/AbstractCodec.java
org.owasp.esapi.tags.EncodeForCSSTag	/home/nima/Desktop/taint-docker/table4/annotator/esapi-java-legacy/src/main/java/org/owasp/esapi/tags/EncodeForCSSTag.java
org.owasp.esapi.tags.BaseEncodeTag	/home/nima/Desktop/taint-docker/table4/annotator/esapi-java-legacy/src/main/java/org/owasp/esapi/tags/BaseEncodeTag.java
org.owasp.esapi.errors.CertificateException	/home/nima/Desktop/taint-docker/table4/annotator/esapi-java-legacy/src/main/java/org/owasp/esapi/errors/CertificateException.java
org.owasp.esapi.reference.accesscontrol.policyloader.ACRParameterLoaderHelper	/home/nima/Desktop/taint-docker/table4/annotator/esapi-java-legacy/src/main/java/org/owasp/esapi/reference/accesscontrol/policyloader/ACRParameterLoaderHelper.java
org.owasp.esapi.configuration.consts.EsapiConfigurationType	/home/nima/Desktop/taint-docker/table4/annotator/esapi-java-legacy/src/main/java/org/owasp/esapi/configuration/consts/EsapiConfigurationType.java
org.owasp.esapi.configuration.EsapiPropertyLoaderFactory	/home/nima/Desktop/taint-docker/table4/annotator/esapi-java-legacy/src/main/java/org/owasp/esapi/configuration/EsapiPropertyLoaderFactory.java
org.owasp.esapi.reference.DefaultSecurityConfiguration	/home/nima/Desktop/taint-docker/table4/annotator/esapi-java-legacy/src/main/java/org/owasp/esapi/reference/DefaultSecurityConfiguration.java
org.owasp.esapi.configuration.EsapiPropertyManager	/home/nima/Desktop/taint-docker/table4/annotator/esapi-java-legacy/src/main/java/org/owasp/esapi/configuration/EsapiPropertyManager.java
org.owasp.esapi.logging.slf4j.Slf4JLogBridge	/home/nima/Desktop/taint-docker/table4/annotator/esapi-java-legacy/src/main/java/org/owasp/esapi/logging/slf4j/Slf4JLogBridge.java
org.owasp.esapi.codecs.LegacyHTMLEntityCodec	/home/nima/Desktop/taint-docker/table4/annotator/esapi-java-legacy/src/main/java/org/owasp/esapi/codecs/LegacyHTMLEntityCodec.java
org.owasp.esapi.codecs.AbstractCharacterCodec	/home/nima/Desktop/taint-docker/table4/annotator/esapi-java-legacy/src/main/java/org/owasp/esapi/codecs/AbstractCharacterCodec.java
org.owasp.esapi.codecs.Trie	/home/nima/Desktop/taint-docker/table4/annotator/esapi-java-legacy/src/main/java/org/owasp/esapi/codecs/Trie.java
org.owasp.esapi.codecs.Trie$TrieProxy	/home/nima/Desktop/taint-docker/table4/annotator/esapi-java-legacy/src/main/java/org/owasp/esapi/codecs/Trie.java
org.owasp.esapi.codecs.Trie$Unmodifiable	/home/nima/Desktop/taint-docker/table4/annotator/esapi-java-legacy/src/main/java/org/owasp/esapi/codecs/Trie.java
org.owasp.esapi.codecs.Trie$Util	/home/nima/Desktop/taint-docker/table4/annotator/esapi-java-legacy/src/main/java/org/owasp/esapi/codecs/Trie.java
org.owasp.esapi.codecs.PushbackString	/home/nima/Desktop/taint-docker/table4/annotator/esapi-java-legacy/src/main/java/org/owasp/esapi/codecs/PushbackString.java
org.owasp.esapi.util.NullSafe	/home/nima/Desktop/taint-docker/table4/annotator/esapi-java-legacy/src/main/java/org/owasp/esapi/util/NullSafe.java
org.owasp.esapi.errors.AvailabilityException	/home/nima/Desktop/taint-docker/table4/annotator/esapi-java-legacy/src/main/java/org/owasp/esapi/errors/AvailabilityException.java
org.owasp.esapi.codecs.VBScriptCodec	/home/nima/Desktop/taint-docker/table4/annotator/esapi-java-legacy/src/main/java/org/owasp/esapi/codecs/VBScriptCodec.java
org.owasp.esapi.codecs.Base64	/home/nima/Desktop/taint-docker/table4/annotator/esapi-java-legacy/src/main/java/org/owasp/esapi/codecs/Base64.java
org.owasp.esapi.codecs.Base64$InputStream	/home/nima/Desktop/taint-docker/table4/annotator/esapi-java-legacy/src/main/java/org/owasp/esapi/codecs/Base64.java
org.owasp.esapi.codecs.Base64$OutputStream	/home/nima/Desktop/taint-docker/table4/annotator/esapi-java-legacy/src/main/java/org/owasp/esapi/codecs/Base64.java
org.owasp.esapi.waf.rules.RuleUtil	/home/nima/Desktop/taint-docker/table4/annotator/esapi-java-legacy/src/main/java/org/owasp/esapi/waf/rules/RuleUtil.java
org.owasp.esapi.reference.accesscontrol.policyloader.EchoDynaBeanPolicyParameterACR	/home/nima/Desktop/taint-docker/table4/annotator/esapi-java-legacy/src/main/java/org/owasp/esapi/reference/accesscontrol/policyloader/EchoDynaBeanPolicyParameterACR.java
org.owasp.esapi.reference.accesscontrol.DynaBeanACRParameter	/home/nima/Desktop/taint-docker/table4/annotator/esapi-java-legacy/src/main/java/org/owasp/esapi/reference/accesscontrol/DynaBeanACRParameter.java
org.owasp.esapi.reference.accesscontrol.policyloader.PolicyParameters	/home/nima/Desktop/taint-docker/table4/annotator/esapi-java-legacy/src/main/java/org/owasp/esapi/reference/accesscontrol/policyloader/PolicyParameters.java
org.owasp.esapi.logging.appender.ServerInfoSupplier	/home/nima/Desktop/taint-docker/table4/annotator/esapi-java-legacy/src/main/java/org/owasp/esapi/logging/appender/ServerInfoSupplier.java
org.owasp.esapi.logging.java.JavaLogLevelHandlers	/home/nima/Desktop/taint-docker/table4/annotator/esapi-java-legacy/src/main/java/org/owasp/esapi/logging/java/JavaLogLevelHandlers.java
org.owasp.esapi.util.ByteConversionUtil	/home/nima/Desktop/taint-docker/table4/annotator/esapi-java-legacy/src/main/java/org/owasp/esapi/util/ByteConversionUtil.java
org.owasp.esapi.filters.ClickjackFilter	/home/nima/Desktop/taint-docker/table4/annotator/esapi-java-legacy/src/main/java/org/owasp/esapi/filters/ClickjackFilter.java
org.owasp.esapi.codecs.DB2Codec	/home/nima/Desktop/taint-docker/table4/annotator/esapi-java-legacy/src/main/java/org/owasp/esapi/codecs/DB2Codec.java
org.owasp.esapi.codecs.WindowsCodec	/home/nima/Desktop/taint-docker/table4/annotator/esapi-java-legacy/src/main/java/org/owasp/esapi/codecs/WindowsCodec.java
org.owasp.esapi.reference.validation.DateValidationRule	/home/nima/Desktop/taint-docker/table4/annotator/esapi-java-legacy/src/main/java/org/owasp/esapi/reference/validation/DateValidationRule.java
org.owasp.esapi.crypto.CryptoToken	/home/nima/Desktop/taint-docker/table4/annotator/esapi-java-legacy/src/main/java/org/owasp/esapi/crypto/CryptoToken.java
org.owasp.esapi.reference.accesscontrol.policyloader.ACRParameterLoader	/home/nima/Desktop/taint-docker/table4/annotator/esapi-java-legacy/src/main/java/org/owasp/esapi/reference/accesscontrol/policyloader/ACRParameterLoader.java
org.owasp.esapi.tags.EncodeForBase64Tag	/home/nima/Desktop/taint-docker/table4/annotator/esapi-java-legacy/src/main/java/org/owasp/esapi/tags/EncodeForBase64Tag.java
org.owasp.esapi.codecs.PercentCodec	/home/nima/Desktop/taint-docker/table4/annotator/esapi-java-legacy/src/main/java/org/owasp/esapi/codecs/PercentCodec.java
org.owasp.esapi.waf.rules.AuthenticatedRule	/home/nima/Desktop/taint-docker/table4/annotator/esapi-java-legacy/src/main/java/org/owasp/esapi/waf/rules/AuthenticatedRule.java
org.owasp.esapi.reference.DefaultRandomizer	/home/nima/Desktop/taint-docker/table4/annotator/esapi-java-legacy/src/main/java/org/owasp/esapi/reference/DefaultRandomizer.java
org.owasp.esapi.crypto.CryptoHelper	/home/nima/Desktop/taint-docker/table4/annotator/esapi-java-legacy/src/main/java/org/owasp/esapi/crypto/CryptoHelper.java
org.owasp.esapi.logging.java.JavaLogger	/home/nima/Desktop/taint-docker/table4/annotator/esapi-java-legacy/src/main/java/org/owasp/esapi/logging/java/JavaLogger.java
org.owasp.esapi.PreparedString	/home/nima/Desktop/taint-docker/table4/annotator/esapi-java-legacy/src/main/java/org/owasp/esapi/PreparedString.java
org.owasp.esapi.waf.rules.SimpleVirtualPatchRule	/home/nima/Desktop/taint-docker/table4/annotator/esapi-java-legacy/src/main/java/org/owasp/esapi/waf/rules/SimpleVirtualPatchRule.java
org.owasp.esapi.codecs.OracleCodec	/home/nima/Desktop/taint-docker/table4/annotator/esapi-java-legacy/src/main/java/org/owasp/esapi/codecs/OracleCodec.java
org.owasp.esapi.logging.appender.ClientInfoSupplier	/home/nima/Desktop/taint-docker/table4/annotator/esapi-java-legacy/src/main/java/org/owasp/esapi/logging/appender/ClientInfoSupplier.java
org.owasp.esapi.errors.AuthenticationAccountsException	/home/nima/Desktop/taint-docker/table4/annotator/esapi-java-legacy/src/main/java/org/owasp/esapi/errors/AuthenticationAccountsException.java
org.owasp.esapi.errors.AuthenticationCredentialsException	/home/nima/Desktop/taint-docker/table4/annotator/esapi-java-legacy/src/main/java/org/owasp/esapi/errors/AuthenticationCredentialsException.java
org.owasp.esapi.logging.cleaning.CodecLogScrubber	/home/nima/Desktop/taint-docker/table4/annotator/esapi-java-legacy/src/main/java/org/owasp/esapi/logging/cleaning/CodecLogScrubber.java
org.owasp.esapi.crypto.CryptoDiscoverer	/home/nima/Desktop/taint-docker/table4/annotator/esapi-java-legacy/src/main/java/org/owasp/esapi/crypto/CryptoDiscoverer.java
org.owasp.esapi.crypto.CipherTextSerializer	/home/nima/Desktop/taint-docker/table4/annotator/esapi-java-legacy/src/main/java/org/owasp/esapi/crypto/CipherTextSerializer.java
org.owasp.esapi.reference.crypto.ReferenceEncryptedProperties	/home/nima/Desktop/taint-docker/table4/annotator/esapi-java-legacy/src/main/java/org/owasp/esapi/reference/crypto/ReferenceEncryptedProperties.java
org.owasp.esapi.EncryptedProperties	/home/nima/Desktop/taint-docker/table4/annotator/esapi-java-legacy/src/main/java/org/owasp/esapi/EncryptedProperties.java
org.owasp.esapi.errors.EncryptionRuntimeException	/home/nima/Desktop/taint-docker/table4/annotator/esapi-java-legacy/src/main/java/org/owasp/esapi/errors/EncryptionRuntimeException.java
org.owasp.esapi.codecs.JavaScriptCodec	/home/nima/Desktop/taint-docker/table4/annotator/esapi-java-legacy/src/main/java/org/owasp/esapi/codecs/JavaScriptCodec.java
org.owasp.esapi.tags.EncodeForVBScriptTag	/home/nima/Desktop/taint-docker/table4/annotator/esapi-java-legacy/src/main/java/org/owasp/esapi/tags/EncodeForVBScriptTag.java
org.owasp.esapi.logging.slf4j.Slf4JLogFactory	/home/nima/Desktop/taint-docker/table4/annotator/esapi-java-legacy/src/main/java/org/owasp/esapi/logging/slf4j/Slf4JLogFactory.java
org.owasp.esapi.codecs.HTMLEntityCodec	/home/nima/Desktop/taint-docker/table4/annotator/esapi-java-legacy/src/main/java/org/owasp/esapi/codecs/HTMLEntityCodec.java
org.owasp.esapi.reference.DefaultAccessController	/home/nima/Desktop/taint-docker/table4/annotator/esapi-java-legacy/src/main/java/org/owasp/esapi/reference/DefaultAccessController.java
org.owasp.esapi.codecs.JSONCodec	/home/nima/Desktop/taint-docker/table4/annotator/esapi-java-legacy/src/main/java/org/owasp/esapi/codecs/JSONCodec.java
org.owasp.esapi.reference.accesscontrol.policyloader.DynaBeanACRParameterLoader	/home/nima/Desktop/taint-docker/table4/annotator/esapi-java-legacy/src/main/java/org/owasp/esapi/reference/accesscontrol/policyloader/DynaBeanACRParameterLoader.java
org.owasp.esapi.logging.slf4j.Slf4JLogLevelHandler	/home/nima/Desktop/taint-docker/table4/annotator/esapi-java-legacy/src/main/java/org/owasp/esapi/logging/slf4j/Slf4JLogLevelHandler.java
org.owasp.esapi.waf.rules.HTTPMethodRule	/home/nima/Desktop/taint-docker/table4/annotator/esapi-java-legacy/src/main/java/org/owasp/esapi/waf/rules/HTTPMethodRule.java
org.owasp.esapi.waf.rules.IPRule	/home/nima/Desktop/taint-docker/table4/annotator/esapi-java-legacy/src/main/java/org/owasp/esapi/waf/rules/IPRule.java
org.owasp.esapi.errors.AuthenticationLoginException	/home/nima/Desktop/taint-docker/table4/annotator/esapi-java-legacy/src/main/java/org/owasp/esapi/errors/AuthenticationLoginException.java
org.owasp.esapi.tags.ELEncodeFunctions	/home/nima/Desktop/taint-docker/table4/annotator/esapi-java-legacy/src/main/java/org/owasp/esapi/tags/ELEncodeFunctions.java
org.owasp.esapi.reference.crypto.DefaultEncryptedProperties	/home/nima/Desktop/taint-docker/table4/annotator/esapi-java-legacy/src/main/java/org/owasp/esapi/reference/crypto/DefaultEncryptedProperties.java
org.owasp.esapi.waf.rules.EnforceHTTPSRule	/home/nima/Desktop/taint-docker/table4/annotator/esapi-java-legacy/src/main/java/org/owasp/esapi/waf/rules/EnforceHTTPSRule.java
org.owasp.esapi.tags.EncodeForURLTag	/home/nima/Desktop/taint-docker/table4/annotator/esapi-java-legacy/src/main/java/org/owasp/esapi/tags/EncodeForURLTag.java
org.owasp.esapi.waf.rules.PathExtensionRule	/home/nima/Desktop/taint-docker/table4/annotator/esapi-java-legacy/src/main/java/org/owasp/esapi/waf/rules/PathExtensionRule.java
org.owasp.esapi.codecs.MySQLCodec	/home/nima/Desktop/taint-docker/table4/annotator/esapi-java-legacy/src/main/java/org/owasp/esapi/codecs/MySQLCodec.java
org.owasp.esapi.codecs.MySQLCodec$Mode	/home/nima/Desktop/taint-docker/table4/annotator/esapi-java-legacy/src/main/java/org/owasp/esapi/codecs/MySQLCodec.java
org.owasp.esapi.logging.appender.EventTypeLogSupplier	/home/nima/Desktop/taint-docker/table4/annotator/esapi-java-legacy/src/main/java/org/owasp/esapi/logging/appender/EventTypeLogSupplier.java
org.owasp.esapi.logging.appender.UserInfoSupplier	/home/nima/Desktop/taint-docker/table4/annotator/esapi-java-legacy/src/main/java/org/owasp/esapi/logging/appender/UserInfoSupplier.java
org.owasp.esapi.tags.EncodeForJavaScriptTag	/home/nima/Desktop/taint-docker/table4/annotator/esapi-java-legacy/src/main/java/org/owasp/esapi/tags/EncodeForJavaScriptTag.java
org.owasp.esapi.logging.slf4j.Slf4JLogBridgeImpl	/home/nima/Desktop/taint-docker/table4/annotator/esapi-java-legacy/src/main/java/org/owasp/esapi/logging/slf4j/Slf4JLogBridgeImpl.java
org.owasp.esapi.logging.cleaning.CompositeLogScrubber	/home/nima/Desktop/taint-docker/table4/annotator/esapi-java-legacy/src/main/java/org/owasp/esapi/logging/cleaning/CompositeLogScrubber.java
org.owasp.esapi.reference.DefaultValidator	/home/nima/Desktop/taint-docker/table4/annotator/esapi-java-legacy/src/main/java/org/owasp/esapi/reference/DefaultValidator.java
org.owasp.esapi.reference.DefaultHTTPUtilities	/home/nima/Desktop/taint-docker/table4/annotator/esapi-java-legacy/src/main/java/org/owasp/esapi/reference/DefaultHTTPUtilities.java
org.owasp.esapi.reference.DefaultHTTPUtilities$ThreadLocalRequest	/home/nima/Desktop/taint-docker/table4/annotator/esapi-java-legacy/src/main/java/org/owasp/esapi/reference/DefaultHTTPUtilities.java
org.owasp.esapi.reference.DefaultHTTPUtilities$ThreadLocalResponse	/home/nima/Desktop/taint-docker/table4/annotator/esapi-java-legacy/src/main/java/org/owasp/esapi/reference/DefaultHTTPUtilities.java
org.owasp.esapi.reference.DefaultHTTPUtilities$1	/home/nima/Desktop/taint-docker/table4/annotator/esapi-java-legacy/src/main/java/org/owasp/esapi/reference/DefaultHTTPUtilities.java
org.owasp.esapi.tags.EncodeForXMLAttributeTag	/home/nima/Desktop/taint-docker/table4/annotator/esapi-java-legacy/src/main/java/org/owasp/esapi/tags/EncodeForXMLAttributeTag.java
org.owasp.esapi.logging.java.JavaLogFactory	/home/nima/Desktop/taint-docker/table4/annotator/esapi-java-legacy/src/main/java/org/owasp/esapi/logging/java/JavaLogFactory.java
org.owasp.esapi.waf.rules.BeanShellRule	/home/nima/Desktop/taint-docker/table4/annotator/esapi-java-legacy/src/main/java/org/owasp/esapi/waf/rules/BeanShellRule.java
org.owasp.esapi.tags.EncodeForHTMLTag	/home/nima/Desktop/taint-docker/table4/annotator/esapi-java-legacy/src/main/java/org/owasp/esapi/tags/EncodeForHTMLTag.java
org.owasp.esapi.util.CollectionsUtil	/home/nima/Desktop/taint-docker/table4/annotator/esapi-java-legacy/src/main/java/org/owasp/esapi/util/CollectionsUtil.java
org.owasp.esapi.filters.RequestRateThrottleFilter	/home/nima/Desktop/taint-docker/table4/annotator/esapi-java-legacy/src/main/java/org/owasp/esapi/filters/RequestRateThrottleFilter.java
org.owasp.esapi.configuration.XmlEsapiPropertyLoader	/home/nima/Desktop/taint-docker/table4/annotator/esapi-java-legacy/src/main/java/org/owasp/esapi/configuration/XmlEsapiPropertyLoader.java
org.owasp.esapi.logging.java.ESAPIErrorJavaLevel	/home/nima/Desktop/taint-docker/table4/annotator/esapi-java-legacy/src/main/java/org/owasp/esapi/logging/java/ESAPIErrorJavaLevel.java
org.owasp.esapi.tags.EncodeForHTMLAttributeTag	/home/nima/Desktop/taint-docker/table4/annotator/esapi-java-legacy/src/main/java/org/owasp/esapi/tags/EncodeForHTMLAttributeTag.java
org.owasp.esapi.reference.DefaultExecutor	/home/nima/Desktop/taint-docker/table4/annotator/esapi-java-legacy/src/main/java/org/owasp/esapi/reference/DefaultExecutor.java
org.owasp.esapi.reference.DefaultExecutor$ReadThread	/home/nima/Desktop/taint-docker/table4/annotator/esapi-java-legacy/src/main/java/org/owasp/esapi/reference/DefaultExecutor.java
org.owasp.esapi.reference.accesscontrol.EchoRuntimeParameterACR	/home/nima/Desktop/taint-docker/table4/annotator/esapi-java-legacy/src/main/java/org/owasp/esapi/reference/accesscontrol/EchoRuntimeParameterACR.java
org.owasp.esapi.codecs.HashTrie	/home/nima/Desktop/taint-docker/table4/annotator/esapi-java-legacy/src/main/java/org/owasp/esapi/codecs/HashTrie.java
org.owasp.esapi.codecs.HashTrie$Entry	/home/nima/Desktop/taint-docker/table4/annotator/esapi-java-legacy/src/main/java/org/owasp/esapi/codecs/HashTrie.java
org.owasp.esapi.codecs.HashTrie$Node	/home/nima/Desktop/taint-docker/table4/annotator/esapi-java-legacy/src/main/java/org/owasp/esapi/codecs/HashTrie.java
org.owasp.esapi.reference.validation.HTMLValidationRule	/home/nima/Desktop/taint-docker/table4/annotator/esapi-java-legacy/src/main/java/org/owasp/esapi/reference/validation/HTMLValidationRule.java
org.owasp.esapi.reference.FileBasedAuthenticator	/home/nima/Desktop/taint-docker/table4/annotator/esapi-java-legacy/src/main/java/org/owasp/esapi/reference/FileBasedAuthenticator.java
org.owasp.esapi.util.DefaultMessageUtil	/home/nima/Desktop/taint-docker/table4/annotator/esapi-java-legacy/src/main/java/org/owasp/esapi/util/DefaultMessageUtil.java
org.owasp.esapi.reference.DefaultEncoder	/home/nima/Desktop/taint-docker/table4/annotator/esapi-java-legacy/src/main/java/org/owasp/esapi/reference/DefaultEncoder.java
org.owasp.esapi.reference.DefaultEncoder$UriSegment	/home/nima/Desktop/taint-docker/table4/annotator/esapi-java-legacy/src/main/java/org/owasp/esapi/reference/DefaultEncoder.java
org.owasp.esapi.codecs.XMLEntityCodec	/home/nima/Desktop/taint-docker/table4/annotator/esapi-java-legacy/src/main/java/org/owasp/esapi/codecs/XMLEntityCodec.java
org.owasp.esapi.codecs.CSSCodec	/home/nima/Desktop/taint-docker/table4/annotator/esapi-java-legacy/src/main/java/org/owasp/esapi/codecs/CSSCodec.java
org.owasp.esapi.reference.validation.NumberValidationRule	/home/nima/Desktop/taint-docker/table4/annotator/esapi-java-legacy/src/main/java/org/owasp/esapi/reference/validation/NumberValidationRule.java
org.owasp.esapi.logging.slf4j.Slf4JLogger	/home/nima/Desktop/taint-docker/table4/annotator/esapi-java-legacy/src/main/java/org/owasp/esapi/logging/slf4j/Slf4JLogger.java
org.owasp.esapi.logging.slf4j.Slf4JLogLevelHandlers	/home/nima/Desktop/taint-docker/table4/annotator/esapi-java-legacy/src/main/java/org/owasp/esapi/logging/slf4j/Slf4JLogLevelHandlers.java
org.owasp.esapi.logging.slf4j.Slf4JLogLevelHandlers$1	/home/nima/Desktop/taint-docker/table4/annotator/esapi-java-legacy/src/main/java/org/owasp/esapi/logging/slf4j/Slf4JLogLevelHandlers.java
org.owasp.esapi.logging.slf4j.Slf4JLogLevelHandlers$2	/home/nima/Desktop/taint-docker/table4/annotator/esapi-java-legacy/src/main/java/org/owasp/esapi/logging/slf4j/Slf4JLogLevelHandlers.java
org.owasp.esapi.logging.slf4j.Slf4JLogLevelHandlers$3	/home/nima/Desktop/taint-docker/table4/annotator/esapi-java-legacy/src/main/java/org/owasp/esapi/logging/slf4j/Slf4JLogLevelHandlers.java
org.owasp.esapi.logging.slf4j.Slf4JLogLevelHandlers$4	/home/nima/Desktop/taint-docker/table4/annotator/esapi-java-legacy/src/main/java/org/owasp/esapi/logging/slf4j/Slf4JLogLevelHandlers.java
org.owasp.esapi.logging.slf4j.Slf4JLogLevelHandlers$5	/home/nima/Desktop/taint-docker/table4/annotator/esapi-java-legacy/src/main/java/org/owasp/esapi/logging/slf4j/Slf4JLogLevelHandlers.java
org.owasp.esapi.reference.accesscontrol.DelegatingACR	/home/nima/Desktop/taint-docker/table4/annotator/esapi-java-legacy/src/main/java/org/owasp/esapi/reference/accesscontrol/DelegatingACR.java
org.owasp.esapi.reference.crypto.EncryptedPropertiesUtils	/home/nima/Desktop/taint-docker/table4/annotator/esapi-java-legacy/src/main/java/org/owasp/esapi/reference/crypto/EncryptedPropertiesUtils.java
org.owasp.esapi.waf.actions.DefaultAction	/home/nima/Desktop/taint-docker/table4/annotator/esapi-java-legacy/src/main/java/org/owasp/esapi/waf/actions/DefaultAction.java
org.owasp.esapi.tags.EncodeForXMLTag	/home/nima/Desktop/taint-docker/table4/annotator/esapi-java-legacy/src/main/java/org/owasp/esapi/tags/EncodeForXMLTag.java
org.owasp.esapi.waf.internal.Parameter	/home/nima/Desktop/taint-docker/table4/annotator/esapi-java-legacy/src/main/java/org/owasp/esapi/waf/internal/Parameter.java
org.owasp.esapi.StringUtilities	/home/nima/Desktop/taint-docker/table4/annotator/esapi-java-legacy/src/main/java/org/owasp/esapi/StringUtilities.java
org.owasp.esapi.logging.appender.LogPrefixAppender	/home/nima/Desktop/taint-docker/table4/annotator/esapi-java-legacy/src/main/java/org/owasp/esapi/logging/appender/LogPrefixAppender.java
org.owasp.esapi.util.ObjFactory	/home/nima/Desktop/taint-docker/table4/annotator/esapi-java-legacy/src/main/java/org/owasp/esapi/util/ObjFactory.java
org.owasp.esapi.util.ObjFactory$MethodWrappedInfo	/home/nima/Desktop/taint-docker/table4/annotator/esapi-java-legacy/src/main/java/org/owasp/esapi/util/ObjFactory.java
org.owasp.esapi.crypto.SecurityProviderLoader	/home/nima/Desktop/taint-docker/table4/annotator/esapi-java-legacy/src/main/java/org/owasp/esapi/crypto/SecurityProviderLoader.java
org.owasp.esapi.reference.validation.IntegerValidationRule	/home/nima/Desktop/taint-docker/table4/annotator/esapi-java-legacy/src/main/java/org/owasp/esapi/reference/validation/IntegerValidationRule.java
org.owasp.esapi.filters.SecurityWrapperRequest	/home/nima/Desktop/taint-docker/table4/annotator/esapi-java-legacy/src/main/java/org/owasp/esapi/filters/SecurityWrapperRequest.java
org.owasp.esapi.reference.crypto.JavaEncryptor	/home/nima/Desktop/taint-docker/table4/annotator/esapi-java-legacy/src/main/java/org/owasp/esapi/reference/crypto/JavaEncryptor.java
org.owasp.esapi.waf.actions.RedirectAction	/home/nima/Desktop/taint-docker/table4/annotator/esapi-java-legacy/src/main/java/org/owasp/esapi/waf/actions/RedirectAction.java
org.owasp.esapi.errors.ValidationUploadException	/home/nima/Desktop/taint-docker/table4/annotator/esapi-java-legacy/src/main/java/org/owasp/esapi/errors/ValidationUploadException.java
org.owasp.esapi.waf.internal.InterceptingHTTPServletRequest	/home/nima/Desktop/taint-docker/table4/annotator/esapi-java-legacy/src/main/java/org/owasp/esapi/waf/internal/InterceptingHTTPServletRequest.java
org.owasp.esapi.waf.internal.InterceptingHTTPServletRequest$RAFInputStream	/home/nima/Desktop/taint-docker/table4/annotator/esapi-java-legacy/src/main/java/org/owasp/esapi/waf/internal/InterceptingHTTPServletRequest.java
org.owasp.esapi.filters.SecurityWrapperResponse	/home/nima/Desktop/taint-docker/table4/annotator/esapi-java-legacy/src/main/java/org/owasp/esapi/filters/SecurityWrapperResponse.java
org.owasp.esapi.errors.ValidationAvailabilityException	/home/nima/Desktop/taint-docker/table4/annotator/esapi-java-legacy/src/main/java/org/owasp/esapi/errors/ValidationAvailabilityException.java
org.owasp.esapi.tags.EncodeForXPathTag	/home/nima/Desktop/taint-docker/table4/annotator/esapi-java-legacy/src/main/java/org/owasp/esapi/tags/EncodeForXPathTag.java
org.owasp.esapi.waf.rules.DetectOutboundContentRule	/home/nima/Desktop/taint-docker/table4/annotator/esapi-java-legacy/src/main/java/org/owasp/esapi/waf/rules/DetectOutboundContentRule.java
org.owasp.esapi.waf.rules.RestrictUserAgentRule	/home/nima/Desktop/taint-docker/table4/annotator/esapi-java-legacy/src/main/java/org/owasp/esapi/waf/rules/RestrictUserAgentRule.java
org.owasp.esapi.EncoderConstants	/home/nima/Desktop/taint-docker/table4/annotator/esapi-java-legacy/src/main/java/org/owasp/esapi/EncoderConstants.java
org.owasp.esapi.logging.cleaning.NewlineLogScrubber	/home/nima/Desktop/taint-docker/table4/annotator/esapi-java-legacy/src/main/java/org/owasp/esapi/logging/cleaning/NewlineLogScrubber.java
org.owasp.esapi.reference.accesscontrol.AlwaysFalseACR	/home/nima/Desktop/taint-docker/table4/annotator/esapi-java-legacy/src/main/java/org/owasp/esapi/reference/accesscontrol/AlwaysFalseACR.java
org.owasp.esapi.codecs.UnixCodec	/home/nima/Desktop/taint-docker/table4/annotator/esapi-java-legacy/src/main/java/org/owasp/esapi/codecs/UnixCodec.java
